Total 18+ Population,Total 18+ Male Population,Total Male 18 to 24 years,Total Male 18 to 24 years Less than 9th grade,"Total Male 18 to 24 years 9th to 12th grade, no diploma",Total Male 18 to 24 years High school graduate,"Total Male 18 to 24 years Some college, no degree",Total Male 18 to 24 years Associate's degree,Total Male 18 to 24 years Bachelor's degree,Total Male 18 to 24 years Graduate or professional degree,Total Male 25 to 34 years,Total Male 25 to 34 years Less than 9th grade,"Total Male 25 to 34 years 9th to 12th grade, no diploma",Total Male 25 to 34 years High school graduate,"Total Male 25 to 34 years Some college, no degree",Total Male 25 to 34 years Associate's degree,Total Male 25 to 34 years Bachelor's degree,Total Male 25 to 34 years Graduate or professional degree,Total Male 35 to 44 years,Total Male 35 to 44 years Less than 9th grade,"Total Male 35 to 44 years 9th to 12th grade, no diploma",Total Male 35 to 44 years High school graduate,"Total Male 35 to 44 years Some college, no degree",Total Male 35 to 44 years Associate's degree,Total Male 35 to 44 years Bachelor's degree,Total Male 35 to 44 years Graduate or professional degree,Total Male 45 to 64 years,Total Male 45 to 64 years Less than 9th grade,"Total Male 45 to 64 years 9th to 12th grade, no diploma",Total Male 45 to 64 years High school graduate,"Total Male 45 to 64 years Some college, no degree",Total Male 45 to 64 years Associate's degree,Total Male 45 to 64 years Bachelor's degree,Total Male 45 to 64 years Graduate or professional degree,Total Male 65 years and over,Total Male 65 years and over Less than 9th grade,"Total Male 65 years and over 9th to 12th grade, no diploma",Total Male 65 years and over High school graduate,"Total Male 65 years and over Some college, no degree",Total Male 65 years and over Associate's degree,Total Male 65 years and over Bachelor's degree,Total Male 65 years and over Graduate or professional degree,Total 18+ Female Population,Total Female 18 to 24 years,Total Female 18 to 24 years Less than 9th grade,"Total Female 18 to 24 years 9th to 12th grade, no diploma",Total Female 18 to 24 years High school graduate,"Total Female 18 to 24 years Some college, no degree",Total Female 18 to 24 years Associate's degree,Total Female 18 to 24 years Bachelor's degree,Total Female 18 to 24 years Graduate or professional degree,Total Female 25 to 34 years,Total Female 25 to 34 years Less than 9th grade,"Total Female 25 to 34 years 9th to 12th grade, no diploma",Total Female 25 to 34 years High school graduate,"Total Female 25 to 34 years Some college, no degree",Total Female 25 to 34 years Associate's degree,Total Female 25 to 34 years Bachelor's degree,Total Female 25 to 34 years Graduate or professional degree,Total Female 35 to 44 years,Total Female 35 to 44 years Less than 9th grade,"Total Female 35 to 44 years 9th to 12th grade, no diploma",Total Female 35 to 44 years High school graduate,"Total Female 35 to 44 years Some college, no degree",Total Female 35 to 44 years Associate's degree,Total Female 35 to 44 years Bachelor's degree,Total Female 35 to 44 years Graduate or professional degree,Total Female 45 to 64 years,Total Female 45 to 64 years Less than 9th grade,"Total Female 45 to 64 years 9th to 12th grade, no diploma",Total Female 45 to 64 years High school graduate,"Total Female 45 to 64 years Some college, no degree",Total Female 45 to 64 years Associate's degree,Total Female 45 to 64 years Bachelor's degree,Total Female 45 to 64 years Graduate or professional degree,Total Female 65 years and over,Total Female 65 years and over Less than 9th grade,"Total Female 65 years and over 9th to 12th grade, no diploma",Total Female 65 years and over High school graduate,"Total Female 65 years and over Some college, no degree",Total Female 65 years and over Associate's degree,Total Female 65 years and over Bachelor's degree,Total Female 65 years and over Graduate or professional degree,GEO_ID,Census Tract
3430,1511,162,10,0,53,32,0,67,0,308,0,0,0,0,8,207,93,316,0,20,20,22,0,83,171,479,0,0,26,32,9,218,194,246,9,9,18,28,9,55,118,1919,110,0,7,0,76,0,27,0,456,0,0,19,86,0,210,141,350,0,0,22,25,0,175,128,493,0,0,29,40,0,233,191,510,0,11,47,94,0,133,225,1400000,48453000101
2058,940,51,0,13,0,38,0,0,0,47,0,0,0,21,0,8,18,147,0,0,0,15,0,66,66,414,2,0,32,36,6,171,167,281,0,0,0,7,10,65,199,1118,65,0,1,16,41,0,7,0,60,0,8,0,18,0,17,17,171,0,2,12,2,0,115,40,530,3,0,21,79,0,225,202,292,9,0,19,62,0,94,108,1400000,48453000102
1493,727,179,9,0,11,63,0,90,6,312,7,5,19,25,6,160,90,66,0,0,7,10,10,24,15,138,5,0,0,16,0,56,61,32,0,3,0,10,0,0,19,766,372,0,14,12,210,0,127,9,266,0,17,0,20,0,164,65,15,0,0,0,0,0,0,15,68,11,0,26,6,0,6,19,45,0,0,0,19,0,17,9,1400000,48453000203
2626,1551,336,0,0,65,217,0,54,0,426,10,0,36,101,21,179,79,222,0,0,18,48,0,69,87,367,0,14,33,49,0,97,174,200,11,9,0,27,0,57,96,1075,94,0,6,0,51,0,37,0,287,0,0,11,15,6,198,57,198,0,0,1,10,10,102,75,341,0,0,12,27,7,137,158,155,0,0,32,9,0,45,69,1400000,48453000204
3526,1917,108,0,0,8,18,0,82,0,866,0,15,34,99,0,596,122,322,0,0,43,15,0,158,106,439,0,108,61,63,0,87,120,182,0,22,70,0,48,25,17,1609,97,0,0,21,20,11,45,0,773,0,0,0,80,0,433,260,285,0,0,0,0,0,109,176,322,9,0,42,59,16,144,52,132,20,0,77,0,20,15,0,1400000,48453000205
2778,1390,98,0,0,19,58,0,21,0,515,0,0,16,101,14,245,139,291,0,0,76,78,0,69,68,341,11,0,18,33,33,81,165,145,0,10,43,15,0,38,39,1388,104,0,0,21,19,26,38,0,420,0,0,0,33,0,206,181,222,0,0,0,22,6,64,130,400,11,0,33,38,34,163,121,242,0,10,55,11,0,65,101,1400000,48453000206
4507,2293,292,0,0,10,201,0,71,10,839,29,0,59,61,60,289,341,336,0,0,34,68,16,127,91,591,0,0,104,74,0,230,183,235,0,17,57,38,0,37,86,2214,433,0,7,57,245,31,61,32,969,0,0,149,75,0,479,266,376,0,0,54,18,17,196,91,330,0,0,17,23,20,116,154,106,0,0,26,17,0,34,29,1400000,48453000302
2658,1392,304,0,0,19,131,34,114,6,601,0,0,0,92,7,278,224,270,0,0,16,60,15,131,48,141,0,0,7,10,9,83,32,76,18,0,11,0,0,31,16,1266,219,0,10,30,65,0,114,0,539,0,0,19,65,10,254,191,177,0,0,0,38,0,81,58,226,0,24,58,10,0,102,32,105,35,0,35,10,0,16,9,1400000,48453000304
3264,1585,124,0,8,0,47,0,61,8,682,0,9,55,92,8,404,114,293,34,6,39,21,8,128,57,373,0,0,44,70,0,134,125,113,0,8,0,31,0,65,9,1679,467,7,10,19,291,5,127,8,666,0,25,36,82,18,281,224,238,0,0,10,7,34,86,101,251,0,0,29,83,0,72,67,57,0,0,12,14,0,16,15,1400000,48453000305
3952,1846,106,0,0,32,32,0,37,5,528,0,0,70,48,29,229,152,495,0,0,67,6,9,217,196,591,26,37,72,105,8,121,222,126,0,17,0,0,31,31,47,2106,436,0,50,32,215,0,133,6,536,0,39,39,61,18,162,217,438,0,0,33,71,0,111,223,458,10,0,53,81,67,71,176,238,0,0,26,58,0,85,69,1400000,48453000306
1522,714,43,0,5,20,4,6,8,0,166,0,0,19,34,0,88,25,227,0,6,0,50,21,82,68,215,0,0,9,54,6,89,57,63,6,0,0,5,0,20,32,808,52,0,0,0,23,0,29,0,342,0,0,16,62,6,177,81,146,0,6,11,0,10,74,45,142,0,0,5,0,0,77,60,126,5,0,0,6,26,33,56,1400000,48453000307
3740,1800,569,0,0,74,300,9,169,17,604,0,12,14,49,0,384,145,308,1,0,7,57,35,128,80,191,0,0,37,27,0,31,96,128,0,0,7,13,0,56,52,1940,687,0,13,41,376,0,235,22,797,0,0,19,70,18,542,148,195,0,0,22,32,12,92,37,196,0,0,0,23,0,63,110,65,0,0,11,12,0,9,33,1400000,48453000401
2884,1284,120,0,5,7,89,5,14,0,417,0,0,36,18,0,291,72,347,0,0,40,37,30,176,64,291,7,7,96,29,49,64,39,109,21,33,33,16,6,0,0,1600,190,0,5,0,104,0,81,0,531,14,48,66,78,11,188,126,292,0,0,15,35,10,88,144,294,7,0,99,63,0,108,17,293,51,14,123,40,0,18,47,1400000,48453000402
4124,2006,633,0,0,127,323,13,149,21,811,2,1,11,281,48,299,169,180,2,0,1,27,50,41,59,303,5,0,1,42,0,128,127,79,2,0,3,13,0,50,11,2118,699,0,12,58,448,18,163,0,816,0,0,12,59,0,515,230,315,0,0,16,16,0,224,59,243,0,0,26,63,0,73,81,45,24,0,0,11,0,0,10,1400000,48453000500
10014,4086,3806,0,17,669,2971,58,77,14,181,29,0,34,41,22,55,0,45,0,15,0,0,0,16,14,43,0,0,9,10,0,5,19,11,0,0,0,0,0,11,0,5928,5791,0,26,803,4824,77,61,0,77,0,0,6,43,18,10,0,26,0,0,4,0,0,17,5,34,17,0,0,6,11,0,0,0,0,0,0,0,0,0,0,1400000,48453000601
8029,4150,3730,0,5,288,3251,7,179,0,314,0,0,0,52,14,71,177,31,0,0,2,0,0,15,14,52,0,15,0,23,0,14,0,23,0,0,0,0,0,23,0,3879,3389,0,0,343,2823,52,171,0,308,0,0,15,166,0,90,37,137,0,0,0,91,0,46,0,41,0,36,5,0,0,0,0,4,2,0,2,0,0,0,0,1400000,48453000603
7064,3688,3351,0,12,270,2863,28,170,8,264,45,5,0,41,0,156,17,14,0,0,0,0,0,14,0,48,0,0,0,20,14,0,14,11,0,0,0,0,0,0,11,3376,2924,0,0,352,2395,40,122,15,286,4,0,83,7,0,156,36,44,0,0,0,15,0,0,29,122,0,4,52,29,0,23,14,0,0,0,0,0,0,0,0,1400000,48453000604
1090,697,212,0,2,7,141,0,55,7,195,4,0,25,33,12,107,14,117,0,0,25,4,23,33,32,88,0,0,14,0,0,36,38,85,0,0,4,15,0,13,53,393,51,0,0,7,23,3,14,4,138,0,0,0,4,0,92,42,19,0,0,6,4,0,4,5,92,0,0,5,32,9,25,21,93,6,0,31,0,0,12,44,1400000,48453000700
1592,792,24,0,0,16,8,0,0,0,292,37,34,54,33,23,64,47,116,0,30,11,1,44,21,9,173,15,9,81,30,0,29,9,187,50,9,102,20,0,0,6,800,89,0,27,0,46,3,13,0,108,0,10,17,47,0,9,25,78,14,0,0,6,0,28,30,188,5,35,69,36,13,13,17,337,158,50,57,30,0,22,20,1400000,48453000801
2561,949,83,0,0,29,35,0,19,0,389,0,0,94,114,32,126,23,134,0,10,20,25,17,36,26,194,8,30,48,21,3,56,28,149,21,62,62,4,0,0,0,1612,224,0,32,68,90,29,5,0,545,52,60,105,69,31,144,84,285,0,32,4,70,24,99,56,434,64,42,63,171,0,57,37,124,28,5,46,21,4,12,8,1400000,48453000802
2255,1505,243,0,8,29,87,48,71,0,582,13,38,75,143,0,216,97,379,0,11,19,113,0,141,95,266,7,0,51,100,7,42,59,35,7,2,8,8,0,10,0,750,22,0,0,0,22,0,0,0,358,0,0,40,42,13,188,75,109,9,7,0,9,7,54,23,189,8,8,12,0,9,119,33,72,10,7,46,0,9,0,0,1400000,48453000803
1888,948,117,0,0,11,44,0,62,0,253,0,15,9,73,7,102,47,217,10,10,10,67,4,60,56,298,72,15,52,59,12,66,22,63,20,0,4,17,0,12,10,940,97,15,11,7,56,0,8,0,262,9,44,8,53,0,63,85,193,24,12,37,25,11,21,63,253,44,55,57,23,5,49,20,135,13,29,47,5,9,15,17,1400000,48453000804
2066,1031,209,0,5,25,120,0,51,8,518,27,15,69,97,0,261,49,130,7,0,0,14,0,46,63,128,0,14,57,11,13,33,0,46,15,0,0,0,0,12,19,1035,273,0,15,1,192,0,65,0,387,0,25,37,39,32,195,59,121,0,22,6,36,0,23,34,160,39,37,29,19,12,6,18,94,48,14,28,0,0,4,0,1400000,48453000901
4247,2108,172,0,40,61,17,11,43,0,682,22,35,86,111,14,359,55,509,40,0,78,50,9,256,76,486,73,99,110,54,26,66,58,259,133,9,101,16,0,0,0,2139,196,17,34,85,15,0,45,0,704,18,5,197,94,27,184,179,424,40,62,46,47,20,149,60,469,104,34,229,39,0,30,33,346,132,37,115,62,0,0,0,1400000,48453000902
3273,1623,65,0,39,0,11,0,15,0,530,3,10,112,201,0,128,76,415,8,34,79,84,8,103,99,383,49,68,95,16,25,115,15,230,11,10,72,76,11,0,50,1650,148,0,39,81,28,0,0,0,312,0,0,123,58,0,98,33,431,64,0,159,68,0,87,53,370,96,30,130,1,16,40,57,389,100,22,87,62,27,55,36,1400000,48453001000
5933,3598,247,0,30,13,45,0,159,0,1359,13,25,173,167,0,726,255,616,0,0,80,113,18,78,327,973,28,50,74,51,97,155,518,403,24,88,0,17,4,94,176,2335,101,0,0,0,31,0,70,0,979,0,0,0,53,34,607,285,223,0,11,11,38,0,85,78,656,36,10,32,173,16,147,242,376,87,0,47,4,75,60,103,1400000,48453001100
4619,2289,178,0,0,0,10,33,125,10,788,0,15,0,171,24,311,267,518,0,51,18,88,0,282,79,595,36,0,44,94,50,205,166,210,0,32,37,31,0,35,75,2330,185,0,0,0,60,0,115,10,962,0,0,28,77,49,548,260,334,0,0,28,13,17,120,156,581,0,0,16,142,0,232,191,268,0,16,41,31,43,72,65,1400000,48453001200
3551,1910,62,0,0,18,5,0,39,0,558,0,0,26,53,23,328,128,410,0,44,21,89,18,154,84,769,33,45,38,162,8,289,194,111,12,0,7,28,8,11,45,1641,66,0,20,0,0,0,46,0,455,0,0,0,38,45,276,96,458,23,0,11,0,51,164,209,493,0,0,48,160,23,208,54,169,8,1,42,9,8,46,55,1400000,48453001303
3669,2050,144,0,24,7,61,0,52,0,729,0,53,20,151,22,451,32,600,0,90,75,82,35,165,153,468,0,0,62,32,31,171,172,109,0,17,25,0,0,44,23,1619,91,0,0,26,21,0,44,0,605,0,0,42,80,27,304,152,386,0,56,9,35,52,111,123,398,0,0,24,63,40,116,155,139,1,32,26,11,0,23,46,1400000,48453001304
4843,2605,217,0,0,38,111,0,68,0,884,0,0,63,139,23,487,172,398,0,0,24,131,0,149,94,824,0,0,169,71,31,369,184,282,18,22,40,62,0,42,98,2238,57,0,2,47,0,0,8,0,993,0,1,71,117,0,527,277,387,0,0,18,35,52,178,104,598,0,16,52,37,12,314,167,203,59,1,28,17,0,44,54,1400000,48453001305
3113,1545,80,0,10,25,21,0,24,0,611,20,0,16,101,8,355,111,245,0,8,2,60,0,157,18,455,13,63,54,132,12,120,61,154,16,7,63,0,0,43,25,1568,152,16,0,21,70,0,45,0,634,1,0,70,99,8,350,106,295,14,0,63,28,42,122,26,322,0,49,62,71,19,69,52,165,38,8,54,9,0,40,16,1400000,48453001307
2681,1435,140,0,0,29,72,12,27,0,566,0,8,92,79,12,286,89,314,0,33,7,103,54,35,82,329,0,3,145,19,0,99,63,86,7,10,11,22,13,15,8,1246,144,0,15,9,20,0,100,0,483,0,0,22,31,30,330,70,251,25,0,19,84,0,51,72,280,9,9,63,81,7,76,35,88,26,0,30,0,0,15,17,1400000,48453001308
3022,1471,105,0,6,0,8,0,85,6,714,0,0,77,84,17,406,130,203,0,0,0,21,19,108,55,333,0,0,40,47,25,96,125,116,12,0,6,31,0,20,47,1551,323,6,0,45,100,17,151,4,581,0,6,52,42,18,316,147,155,0,0,10,0,0,89,56,322,0,0,19,29,24,112,138,170,6,6,8,14,19,81,36,1400000,48453001401
2231,1133,81,0,0,0,59,0,22,0,416,0,0,95,86,22,194,19,189,0,0,0,85,0,74,30,357,0,11,25,52,0,117,152,90,0,6,21,6,0,29,28,1098,80,0,0,8,11,0,61,0,356,0,9,0,0,42,248,57,210,0,0,35,27,0,44,104,367,0,12,0,24,9,223,99,85,0,0,25,13,0,20,27,1400000,48453001402
1471,857,37,0,19,8,7,0,3,0,288,19,0,4,77,60,117,11,195,48,18,21,34,32,25,17,202,22,0,54,63,6,40,17,135,0,58,0,39,0,27,11,614,55,0,5,6,27,0,17,0,245,0,18,4,77,11,104,31,147,6,33,33,8,5,39,23,121,3,0,39,15,6,25,33,46,6,0,6,16,0,7,11,1400000,48453001403
4251,2139,133,24,15,33,34,0,27,0,305,0,0,16,53,19,165,52,561,13,0,0,177,0,162,209,776,0,0,145,48,74,272,237,364,0,44,0,75,30,64,151,2112,57,0,25,0,0,15,17,0,318,0,0,20,49,18,110,121,460,0,0,0,47,0,231,182,830,0,0,95,91,51,374,219,447,0,15,112,40,28,181,71,1400000,48453001501
3465,1976,227,0,0,8,103,0,116,0,776,22,78,129,136,9,291,111,336,0,30,51,64,8,87,96,506,32,17,108,74,15,207,53,131,9,4,42,14,10,16,36,1489,171,0,7,28,70,0,66,0,522,0,0,39,63,28,294,98,307,0,13,72,24,0,91,107,350,0,21,54,84,24,77,90,139,32,7,33,21,0,46,0,1400000,48453001503
4484,2214,50,0,0,37,1,0,12,0,870,0,0,136,174,52,392,116,720,0,0,131,73,30,283,203,420,17,0,39,73,60,155,76,154,7,0,70,0,0,56,21,2270,179,0,0,91,0,0,88,0,528,0,0,0,0,0,478,50,651,0,0,0,129,34,202,286,560,46,7,58,43,65,91,250,352,0,25,66,161,18,53,29,1400000,48453001504
3670,1876,104,1,25,14,13,0,21,30,475,0,0,3,81,0,290,101,513,0,1,0,135,110,171,96,599,0,2,54,211,17,233,82,185,0,3,98,50,0,34,0,1794,164,0,0,0,145,0,19,0,522,0,0,27,41,115,264,75,264,9,0,0,41,17,128,69,680,19,17,46,88,18,247,245,164,0,33,33,16,35,0,47,1400000,48453001505
2863,1689,173,0,10,8,50,0,105,0,849,0,0,10,65,0,361,413,298,0,0,0,63,0,81,154,307,20,0,20,33,0,102,132,62,0,0,7,0,0,30,25,1174,153,0,0,0,11,0,121,21,491,0,0,0,0,0,217,274,242,29,0,0,35,23,60,95,193,0,0,6,29,0,72,86,95,0,0,0,7,6,25,57,1400000,48453001602
3521,1712,41,0,0,10,24,0,7,0,383,0,14,20,7,0,173,169,416,0,0,13,15,0,152,236,673,0,0,14,49,0,274,336,199,0,0,6,20,6,75,92,1809,72,0,0,21,36,0,15,0,400,0,0,0,13,0,307,80,441,0,0,0,33,0,258,150,654,0,0,0,14,10,397,233,242,0,0,13,26,0,119,84,1400000,48453001603
3059,1358,26,0,13,1,6,0,6,0,134,0,0,0,5,0,80,49,317,0,0,0,26,0,86,205,555,0,0,0,12,16,204,323,326,0,0,0,14,0,76,236,1701,26,0,5,7,14,0,0,0,337,0,0,0,0,0,235,102,292,0,0,0,12,0,206,74,635,0,20,14,18,6,265,312,411,65,9,2,27,0,198,110,1400000,48453001604
3316,1649,99,9,25,0,65,0,0,0,570,17,0,0,67,0,397,89,263,0,0,0,22,34,131,76,478,1,1,0,48,0,212,216,239,0,0,26,41,0,9,163,1667,178,0,0,22,17,0,139,0,429,0,15,0,9,0,243,162,355,8,1,10,13,0,217,106,551,0,0,9,33,15,210,284,154,0,0,15,41,0,58,40,1400000,48453001605
17,17,1,0,0,1,0,0,0,0,0,0,0,0,0,0,0,0,3,0,3,0,0,0,0,0,13,4,0,5,0,4,0,0,0,0,0,0,0,0,0,0,0,0,0,0,0,0,0,0,0,0,0,0,0,0,0,0,0,0,0,0,0,0,0,0,0,0,0,0,0,0,0,0,0,0,0,0,0,0,0,0,0,1400000,48453001606
3873,1903,82,0,11,18,28,0,25,0,398,0,29,0,70,42,122,135,295,0,0,0,57,0,127,111,772,9,0,28,24,0,425,286,356,0,0,0,42,0,34,280,1970,120,0,14,39,41,0,0,26,292,0,0,18,37,21,75,141,255,0,0,0,38,0,61,156,852,15,0,0,109,34,412,282,451,0,9,23,131,26,86,176,1400000,48453001705
3039,1483,100,0,0,23,16,6,46,9,349,0,0,54,78,0,167,50,288,0,0,0,35,11,161,81,435,0,0,8,56,25,249,97,311,0,0,0,23,0,103,185,1556,110,0,7,9,0,0,89,5,297,0,14,31,19,28,116,89,236,0,0,10,10,0,82,134,521,0,10,34,83,49,179,166,392,9,0,30,90,25,121,117,1400000,48453001706
4208,1973,242,0,35,22,126,0,59,0,537,0,0,57,169,42,115,154,367,0,0,20,36,52,208,51,415,5,17,17,137,0,172,67,412,0,0,37,29,0,115,231,2235,73,0,0,0,20,0,53,0,509,0,0,58,95,42,140,174,345,0,19,0,96,14,142,74,608,0,0,121,40,19,265,163,700,15,17,96,166,0,224,182,1400000,48453001707
3818,1812,103,0,36,20,10,0,37,0,411,75,0,64,115,0,148,9,485,18,66,91,51,45,175,39,516,0,0,75,147,58,169,67,297,0,20,53,106,10,70,38,2006,96,0,15,16,65,0,0,0,387,13,67,67,87,20,126,7,412,107,7,34,20,0,136,108,602,0,22,72,191,60,138,119,509,8,38,134,118,0,104,107,1400000,48453001712
3834,1671,123,0,0,59,56,0,8,0,638,0,45,76,139,0,320,58,288,0,0,36,43,21,150,38,467,38,0,42,166,42,92,87,155,0,27,20,39,9,20,40,2163,113,0,6,31,50,0,26,0,649,32,27,95,146,23,256,70,317,0,0,42,59,32,136,48,737,2,31,243,133,54,188,86,347,24,5,65,131,10,16,96,1400000,48453001713
11835,5650,650,0,0,253,389,0,0,8,1158,28,0,85,464,0,514,67,1131,30,0,20,201,65,402,413,2159,0,26,351,216,66,750,750,552,0,0,47,150,0,175,180,6185,945,0,0,172,528,42,126,77,1222,0,0,161,320,57,382,302,1551,0,0,83,226,74,667,501,1791,0,18,93,278,147,789,466,676,52,22,139,175,25,168,95,1400000,48453001714
4982,2235,106,0,10,26,21,0,49,0,382,0,0,54,15,37,236,40,608,0,0,27,40,0,323,218,838,18,0,53,71,61,292,343,301,0,0,19,30,0,94,158,2747,69,0,7,21,6,0,35,0,698,57,0,54,53,68,293,173,561,0,0,56,131,82,209,83,1081,0,0,111,167,136,511,156,338,0,12,55,48,43,90,90,1400000,48453001716
5188,2636,72,0,0,0,35,0,37,0,1048,0,13,21,118,70,304,522,322,0,0,0,63,0,167,92,824,20,0,15,90,27,246,426,370,0,0,12,38,13,166,141,2552,382,0,0,1,164,0,217,0,589,0,0,28,50,26,245,240,272,0,0,1,61,0,111,99,847,0,1,28,126,57,450,185,462,0,12,127,97,17,121,88,1400000,48453001718
3185,1549,52,0,12,0,23,0,17,0,194,0,0,0,44,0,124,26,230,0,0,0,9,12,145,64,587,0,9,15,48,11,167,337,486,0,0,10,52,0,170,254,1636,28,0,11,10,7,0,0,0,188,0,0,0,11,0,110,67,198,0,0,13,0,10,93,82,756,25,10,28,70,48,308,267,466,0,8,39,135,28,186,70,1400000,48453001719
3290,1715,73,0,0,10,20,0,43,0,757,0,0,261,136,34,216,110,326,0,0,0,36,68,78,144,426,0,0,74,0,0,210,142,133,24,0,19,21,0,69,0,1575,136,0,0,43,9,8,76,0,598,0,0,29,133,13,270,153,303,0,18,60,0,0,160,65,334,23,0,0,73,17,140,81,204,0,0,81,35,0,44,44,1400000,48453001722
6129,2885,142,0,0,61,53,0,28,0,606,0,0,126,90,29,321,40,872,84,98,86,185,30,303,86,956,40,30,89,257,79,258,203,309,29,0,20,51,32,108,69,3244,319,0,60,39,176,0,44,0,705,0,34,20,135,47,311,158,656,0,0,109,180,0,192,175,1115,22,106,197,268,78,225,219,449,41,0,123,130,63,60,32,1400000,48453001728
3838,1808,64,0,0,0,64,0,0,0,522,41,64,99,173,52,33,60,375,0,0,51,105,56,119,44,695,0,11,117,415,0,83,69,152,18,0,0,13,15,73,33,2030,235,0,0,63,57,14,101,0,413,0,18,0,56,0,323,16,440,77,0,47,43,0,231,42,616,33,110,58,68,36,195,116,326,75,0,74,13,23,56,85,1400000,48453001729
3120,1547,94,1,16,8,21,0,48,0,173,31,15,47,5,0,53,22,267,0,0,23,23,0,180,41,696,10,0,89,185,23,289,100,317,0,0,54,55,30,96,82,1573,41,0,0,0,41,0,0,0,193,0,0,9,10,12,45,117,335,0,0,17,62,11,176,69,740,0,0,73,196,52,341,78,264,1,9,65,51,36,64,38,1400000,48453001733
7782,3596,52,0,10,24,0,0,18,0,555,0,0,13,174,92,184,92,954,0,29,81,138,68,397,241,1637,0,1,212,132,92,756,444,398,0,11,15,43,0,134,195,4186,123,0,11,0,54,37,21,0,766,0,0,50,110,20,439,147,1076,0,37,140,122,82,430,265,1600,0,17,28,301,65,592,597,621,52,28,78,100,14,278,71,1400000,48453001737
5155,2326,113,0,0,17,67,0,29,0,354,19,0,12,122,12,104,85,651,0,48,100,115,0,307,81,943,0,0,0,247,57,348,291,265,0,11,13,42,4,133,62,2829,157,0,10,12,94,29,12,0,354,0,0,20,79,8,227,20,578,0,0,0,66,0,337,175,1262,15,15,98,301,39,486,308,478,0,8,128,130,12,161,39,1400000,48453001738
4134,2011,238,0,29,78,84,0,47,0,600,0,13,70,103,11,237,166,389,0,0,85,21,0,240,43,614,0,0,40,49,13,327,185,170,11,0,27,5,0,116,11,2123,137,0,33,14,27,10,53,0,577,0,0,28,101,30,242,176,361,0,0,16,42,16,209,78,783,0,0,101,268,7,329,78,265,31,0,69,59,10,58,38,1400000,48453001740
2337,1224,89,0,55,11,23,0,0,0,91,0,34,0,9,0,40,8,146,0,0,9,25,0,99,13,615,25,31,69,147,18,178,147,283,0,10,36,89,0,115,33,1113,10,0,0,0,4,0,6,0,103,0,8,0,48,0,42,5,162,0,0,0,50,0,87,25,650,0,9,100,168,24,246,103,188,8,9,23,46,7,72,23,1400000,48453001741
4479,1983,127,45,33,16,17,0,16,0,180,0,41,21,59,16,24,19,527,0,95,66,91,63,115,97,847,0,0,162,250,61,276,98,302,0,14,0,43,17,72,156,2496,168,0,0,0,60,108,0,0,333,97,0,49,35,0,127,25,604,0,116,69,51,18,271,79,922,163,12,230,142,65,205,105,469,0,0,164,88,14,81,122,1400000,48453001742
1918,912,107,0,39,28,40,0,0,0,106,0,20,8,40,0,13,25,185,0,11,21,46,0,97,10,320,14,0,37,54,33,109,73,194,0,0,13,45,12,33,91,1006,63,0,0,21,42,0,0,0,130,0,0,7,64,0,36,23,227,0,0,9,57,46,93,22,371,12,0,10,45,0,201,103,215,7,0,52,26,25,59,46,1400000,48453001745
3449,1532,138,0,7,37,61,0,33,0,412,0,0,57,153,10,159,33,331,0,0,64,65,15,129,58,500,0,36,34,181,25,138,86,151,0,19,12,43,0,25,52,1917,50,0,4,28,7,0,11,0,542,16,6,56,138,0,177,149,353,0,16,15,52,39,128,103,665,17,33,41,202,58,258,56,307,23,63,62,104,28,0,27,1400000,48453001746
4494,2466,334,11,0,50,194,58,21,0,620,1,63,78,255,15,172,36,382,0,0,140,90,0,92,60,833,0,56,209,204,31,189,144,297,22,0,50,74,0,78,73,2028,104,0,0,36,61,0,7,0,545,10,0,77,166,59,192,41,507,0,33,78,167,44,67,118,569,16,51,108,145,0,153,96,303,7,7,88,120,13,50,18,1400000,48453001747
5438,2534,243,0,0,161,75,7,0,0,724,0,0,47,177,0,377,123,647,0,66,16,110,114,268,73,614,0,17,130,125,15,227,100,306,38,26,95,66,0,36,45,2904,278,0,34,125,86,0,33,0,948,0,12,196,115,0,470,155,610,0,11,101,151,34,192,121,781,0,0,118,56,190,196,221,287,5,18,76,97,14,41,36,1400000,48453001748
5399,2774,356,0,13,115,100,48,44,36,969,0,0,3,60,0,523,383,602,0,13,58,87,61,254,129,572,16,0,43,112,59,239,103,275,0,0,18,72,21,99,65,2625,274,0,14,30,60,32,113,25,688,0,0,21,60,0,343,264,443,0,14,16,33,61,198,121,839,7,48,118,170,29,279,188,381,5,7,71,152,0,57,89,1400000,48453001749
4232,2040,34,0,2,2,12,0,18,0,888,1,47,168,160,26,395,91,572,16,0,12,190,49,238,67,408,1,41,19,68,18,139,122,138,1,1,19,1,2,58,56,2192,276,0,0,10,51,0,215,0,800,0,37,101,174,59,252,177,260,0,21,0,20,0,113,106,572,1,22,167,55,53,168,106,284,1,14,80,114,14,39,22,1400000,48453001750
1710,748,42,0,17,16,5,0,4,0,64,0,0,15,0,4,19,26,120,0,0,0,26,0,58,36,238,0,0,0,15,13,100,110,284,0,0,0,23,5,113,143,962,23,0,0,9,0,0,14,0,102,0,0,0,10,4,45,43,147,0,5,0,5,4,71,62,306,0,0,12,7,16,157,114,384,0,6,47,89,4,167,71,1400000,48453001751
3380,1455,237,0,0,12,154,0,71,0,770,0,0,91,52,60,220,347,266,15,0,58,80,0,89,24,147,0,28,16,30,0,10,63,35,0,0,0,0,0,22,13,1925,487,0,0,69,102,17,253,46,904,25,0,76,159,69,386,189,201,0,12,36,36,42,34,41,290,52,0,58,15,26,69,70,43,0,0,0,12,9,22,0,1400000,48453001752
1006,467,32,0,0,7,8,0,17,0,235,0,0,0,47,7,73,108,113,0,0,0,22,0,34,57,66,0,0,0,10,0,36,20,21,0,0,0,0,0,5,16,539,43,0,2,0,0,0,35,6,294,13,0,0,5,0,203,73,117,0,0,5,40,7,31,34,71,0,0,0,9,5,20,37,14,0,0,5,4,0,0,5,1400000,48453001753
4248,2063,118,0,0,57,61,0,0,0,351,0,0,0,128,29,110,84,565,0,0,76,69,0,292,128,659,0,12,171,148,18,171,139,370,14,8,54,88,17,117,72,2185,148,0,2,35,76,14,21,0,575,0,0,0,245,0,292,38,496,0,18,41,160,50,180,47,706,40,0,112,79,46,183,246,260,17,8,59,63,9,41,63,1400000,48453001754
4529,2254,117,0,15,58,37,0,7,0,153,0,0,11,16,9,70,47,379,0,0,10,41,0,141,187,1229,0,0,0,74,8,322,825,376,10,9,8,16,8,161,164,2275,64,0,18,15,25,0,6,0,169,0,0,9,14,0,84,62,464,0,0,19,42,0,104,299,1198,0,0,59,114,30,446,549,380,26,7,36,88,0,130,93,1400000,48453001755
3593,1905,39,0,10,7,0,0,22,0,218,0,0,60,35,0,105,18,384,0,0,17,136,0,121,110,946,0,29,138,275,32,331,141,318,0,0,29,56,57,128,48,1688,128,0,29,25,53,21,0,0,225,0,0,22,45,22,99,37,462,0,19,23,77,6,177,160,616,25,10,75,102,70,224,110,257,60,0,18,64,17,54,44,1400000,48453001756
1826,951,63,0,0,0,22,0,41,0,149,11,0,0,14,22,50,52,172,0,0,29,12,7,63,61,329,11,0,0,31,0,209,78,238,23,0,0,56,19,44,96,875,69,0,0,7,38,0,24,0,63,0,0,0,0,0,38,25,131,0,0,3,10,0,74,44,334,0,0,53,54,0,139,88,278,0,0,74,47,16,67,74,1400000,48453001757
11439,5454,236,0,0,105,86,45,0,0,623,0,0,238,0,61,253,71,1785,0,0,28,205,131,834,587,2064,0,59,25,239,37,963,741,746,0,0,27,120,0,258,341,5985,192,0,0,158,16,0,18,0,674,83,0,49,99,30,223,190,1870,0,72,22,213,91,853,619,2210,51,0,72,368,262,1182,275,1039,0,54,135,143,28,419,260,1400000,48453001760
5557,2789,244,0,53,76,115,0,0,0,482,0,0,53,0,43,277,109,519,15,0,16,147,14,146,181,1051,0,6,0,126,0,569,350,493,0,52,15,29,0,137,260,2768,187,0,34,19,48,0,86,0,660,0,0,46,230,15,225,144,455,0,0,0,27,0,285,143,1031,0,6,32,139,73,417,364,435,0,0,78,51,13,253,40,1400000,48453001761
5597,2480,117,0,28,39,29,0,3,18,131,0,0,17,27,12,31,44,402,9,0,50,38,22,156,127,1197,0,16,111,281,34,483,272,633,0,0,16,182,35,242,158,3117,155,0,5,34,64,19,33,0,221,0,0,5,61,10,87,58,533,0,0,45,101,49,248,90,1531,6,37,157,444,66,603,218,677,7,18,177,224,3,133,115,1400000,48453001764
10041,5202,319,0,102,131,57,29,0,0,760,0,0,7,205,30,454,64,1384,0,0,50,192,39,691,412,2039,28,17,56,343,146,862,587,700,1,2,27,47,30,427,166,4839,182,0,25,23,134,0,0,0,566,0,0,8,127,123,212,96,1449,0,0,7,218,125,753,346,2185,0,50,99,454,200,940,442,457,1,65,77,33,44,154,83,1400000,48453001765
6117,3215,258,0,37,121,82,18,0,0,358,41,0,60,124,0,78,55,531,0,0,61,162,49,216,43,1518,13,140,316,382,106,367,194,550,23,25,60,124,19,178,121,2902,155,0,0,106,15,13,21,0,432,14,0,111,129,18,101,59,507,22,37,38,39,0,270,101,1265,114,140,173,261,146,223,208,543,0,40,133,170,76,43,81,1400000,48453001766
6540,3164,142,0,13,72,27,0,30,0,342,0,0,76,101,23,130,12,896,0,13,198,136,60,264,225,1298,0,35,163,213,26,569,292,486,0,41,37,66,22,199,121,3376,117,0,0,15,49,35,18,0,620,0,0,84,136,0,227,173,930,0,17,80,97,130,305,301,1196,0,17,102,283,81,507,206,513,28,12,122,74,44,142,91,1400000,48453001768
4444,2119,41,0,2,20,19,0,0,0,352,0,31,16,84,8,195,18,411,0,0,19,68,0,250,74,976,2,2,140,324,117,207,184,339,0,43,54,52,31,115,44,2325,234,0,125,28,71,0,10,0,373,0,38,48,81,55,151,0,468,0,0,23,50,38,235,122,894,0,0,94,249,38,362,151,356,0,17,105,64,0,74,96,1400000,48453001769
8423,4111,342,0,41,100,110,0,58,33,241,0,0,0,56,19,124,42,1134,0,0,0,81,42,645,366,1929,0,0,51,166,198,864,650,465,0,56,29,84,0,146,150,4312,57,0,9,40,0,0,8,0,300,18,11,0,9,0,203,59,1470,0,0,74,124,22,712,538,1817,0,0,207,253,146,732,479,668,0,58,78,180,73,124,155,1400000,48453001770
3469,1679,75,0,0,22,44,0,9,0,126,0,0,33,67,0,26,0,233,0,0,0,40,10,133,50,743,0,0,0,88,60,333,262,502,7,0,46,44,23,189,193,1790,124,0,0,35,80,0,9,0,135,0,0,47,47,0,33,8,227,0,0,21,12,9,149,36,801,0,0,78,192,31,345,155,503,0,0,131,110,23,161,78,1400000,48453001771
3466,1780,150,0,21,59,41,17,12,0,432,4,17,62,120,103,103,23,441,31,4,136,131,14,92,33,505,57,0,50,293,0,67,38,252,23,11,105,35,17,61,0,1686,114,0,27,0,73,0,14,0,394,0,4,78,145,6,161,0,449,0,16,108,58,55,96,116,558,0,78,210,141,58,35,36,171,22,23,65,18,0,43,0,1400000,48453001772
6248,2854,145,0,43,31,36,0,35,0,196,0,0,104,19,0,44,29,639,0,10,75,160,0,256,138,1246,0,15,42,206,26,656,301,628,0,0,33,24,19,327,225,3394,110,0,32,37,32,0,5,4,424,0,0,114,20,0,236,54,689,0,6,71,85,49,259,219,1350,13,21,43,283,152,592,246,821,0,23,163,259,23,225,128,1400000,48453001773
6028,2984,335,0,13,131,139,12,27,13,456,22,21,28,112,18,193,62,866,0,24,129,133,19,405,156,1002,30,23,95,259,39,382,174,325,0,40,52,49,26,62,96,3044,255,0,107,24,69,0,55,0,462,0,0,0,35,138,214,75,843,0,0,85,54,31,531,142,1179,6,45,130,297,119,454,128,305,26,23,64,64,8,96,24,1400000,48453001774
4948,2333,95,0,14,0,72,0,9,0,254,0,0,6,18,0,125,105,717,0,68,0,39,11,382,217,942,0,5,81,163,51,390,252,325,16,14,57,54,0,101,83,2615,156,0,6,78,64,0,8,0,388,0,0,23,19,0,204,142,775,0,53,5,60,15,451,191,956,12,11,78,153,57,443,202,340,28,25,83,66,7,83,48,1400000,48453001775
2664,1302,156,6,8,15,115,0,12,0,360,0,20,75,47,28,190,0,264,0,0,39,87,0,92,46,361,19,19,26,82,19,130,66,161,0,7,44,43,0,17,50,1362,73,0,0,0,47,12,14,0,377,0,0,68,75,19,149,66,266,0,0,22,68,12,101,63,456,1,6,77,108,6,170,88,190,0,17,46,49,8,20,50,1400000,48453001776
4951,2349,179,0,0,36,137,0,6,0,789,0,80,139,208,0,308,54,490,0,0,59,95,32,180,124,702,0,0,121,100,22,272,187,189,0,0,87,32,24,33,13,2602,177,0,30,24,84,0,39,0,1123,0,31,192,236,66,506,92,299,0,0,0,108,32,77,82,734,0,24,134,95,107,312,62,269,0,1,80,39,95,42,12,1400000,48453001777
3555,1555,47,0,20,0,21,0,6,0,216,0,0,50,39,32,72,23,228,0,0,45,27,22,92,42,661,0,5,55,192,8,275,126,403,0,13,33,90,4,146,117,2000,29,0,0,11,18,0,0,0,317,0,0,20,149,0,130,18,218,0,0,11,16,11,133,47,855,9,7,97,253,67,337,85,581,4,18,86,153,20,150,150,1400000,48453001778
5277,2503,116,0,16,0,52,0,48,0,109,0,0,30,34,0,45,0,495,0,0,223,76,0,132,64,1176,71,49,203,319,194,279,61,607,0,0,164,137,17,202,87,2774,117,0,0,64,12,25,16,0,487,0,0,96,161,0,199,31,153,0,22,19,76,0,36,0,1270,0,57,248,423,146,295,101,747,0,0,307,171,16,161,92,1400000,48453001779
3471,1703,136,0,2,91,30,0,13,0,128,4,0,95,13,5,11,0,228,0,0,75,26,29,51,47,861,67,51,177,225,89,202,50,350,4,10,48,95,18,101,74,1768,86,0,5,48,7,12,14,0,192,0,8,24,91,3,61,5,160,0,0,19,61,32,23,25,933,34,17,261,300,37,192,92,397,15,3,115,130,31,66,37,1400000,48453001780
1833,883,59,0,0,6,37,0,16,0,78,0,0,4,25,9,29,11,152,0,0,5,18,0,59,70,315,11,0,15,50,5,111,123,279,0,0,23,47,11,118,80,950,8,0,0,0,8,0,0,0,68,0,0,7,8,10,18,25,245,0,0,6,18,26,97,98,296,22,0,13,97,14,79,71,333,0,0,75,104,28,70,56,1400000,48453001781
3937,1888,133,0,0,69,58,0,0,6,115,0,0,10,10,9,77,9,419,0,3,67,40,11,109,189,874,0,0,48,98,16,272,440,347,52,0,22,44,8,74,147,2049,85,0,0,38,33,0,14,0,136,0,0,0,48,0,49,39,485,0,0,24,24,0,191,246,937,47,0,22,127,35,437,269,406,110,16,56,76,33,64,51,1400000,48453001782
3786,1761,139,0,39,43,51,0,6,0,193,0,0,25,20,0,98,50,387,0,9,0,38,17,264,59,781,0,0,40,161,41,267,272,261,0,0,21,26,0,109,105,2025,78,0,4,5,48,5,16,0,172,0,0,9,34,10,95,24,544,0,0,21,68,11,353,91,967,0,21,93,255,123,272,203,264,0,0,33,39,15,83,94,1400000,48453001783
3857,1820,92,0,7,57,28,0,0,0,195,0,0,39,0,6,129,21,542,0,0,21,7,8,305,201,823,15,8,11,71,31,312,375,168,0,0,8,16,8,107,29,2037,102,0,32,16,18,0,36,0,174,0,0,0,5,18,100,51,766,0,0,75,114,77,312,188,797,7,0,61,121,33,398,177,198,0,7,14,50,8,86,33,1400000,48453001784
4044,2236,331,0,0,250,48,5,28,0,981,0,0,45,141,0,604,191,222,0,0,54,84,0,63,21,491,47,11,45,209,58,89,32,211,8,0,76,10,28,65,24,1808,229,0,18,50,135,9,8,9,705,0,0,6,145,63,386,105,386,0,0,41,60,0,163,122,358,36,0,32,112,25,129,24,130,9,9,0,37,22,38,15,1400000,48453001785
4318,2255,146,0,0,14,40,0,61,31,851,0,0,22,82,0,523,224,765,18,36,50,109,17,392,143,387,0,0,43,105,32,174,33,106,0,0,25,44,0,13,24,2063,144,0,50,23,71,0,0,0,634,0,0,28,64,78,293,171,489,0,0,81,62,0,190,156,671,12,168,159,215,15,34,68,125,0,0,41,52,0,13,19,1400000,48453001786
5129,3009,244,13,28,53,144,0,6,0,1227,0,72,636,228,0,237,54,709,151,70,61,335,22,50,20,660,18,51,144,136,70,170,71,169,31,0,21,35,0,43,39,2120,127,0,0,65,33,0,29,0,641,105,36,66,122,28,252,32,629,62,23,273,19,13,175,64,635,118,95,48,146,57,77,94,88,0,0,30,11,21,13,13,1400000,48453001804
3795,2317,431,7,80,206,124,0,14,0,910,191,51,338,179,10,96,45,357,25,17,130,102,0,64,19,544,101,52,157,71,17,105,41,75,42,0,13,12,0,0,8,1478,203,0,24,100,79,0,0,0,401,75,27,65,118,0,77,39,332,7,42,116,55,9,80,23,384,74,41,123,83,0,35,28,158,27,54,25,31,0,13,8,1400000,48453001805
5252,2957,503,64,107,172,81,29,50,0,949,86,131,275,196,45,171,45,678,70,76,391,104,37,0,0,695,103,92,306,152,19,23,0,132,0,0,80,25,0,27,0,2295,408,36,29,258,65,0,0,20,649,44,91,321,115,0,78,0,417,34,0,349,0,0,34,0,702,69,59,217,213,75,31,38,119,16,30,53,20,0,0,0,1400000,48453001806
2652,1404,127,0,44,28,36,19,0,0,519,50,28,198,133,0,80,30,243,50,46,28,76,0,26,17,354,100,28,93,25,12,33,63,161,0,0,62,64,0,22,13,1248,87,0,5,39,20,0,23,0,471,102,17,159,38,0,55,100,143,47,0,36,26,0,34,0,349,130,0,63,84,18,49,5,198,22,25,57,37,0,36,21,1400000,48453001811
5828,3421,585,62,103,228,122,28,42,0,1405,103,21,525,152,50,427,127,585,174,95,156,76,0,84,0,683,261,76,202,104,0,40,0,163,0,84,16,32,0,31,0,2407,385,0,142,79,123,0,41,0,912,127,113,192,222,27,190,41,250,60,34,32,84,0,40,0,613,281,124,62,61,18,50,17,247,85,0,100,16,16,30,0,1400000,48453001812
4928,2668,378,37,125,131,79,0,0,6,991,170,163,359,132,65,73,29,567,109,69,216,75,5,93,0,614,179,52,167,150,11,31,24,118,11,0,44,10,0,10,43,2260,285,40,12,133,70,6,18,6,716,81,146,257,101,34,97,0,489,178,26,110,72,40,30,33,566,118,29,67,127,67,80,78,204,37,17,79,20,10,41,0,1400000,48453001813
3553,1712,116,0,0,107,0,9,0,0,545,0,0,35,109,28,287,86,348,36,39,15,88,0,99,71,550,15,12,67,94,59,181,122,153,0,0,49,18,0,73,13,1841,139,0,0,63,66,0,10,0,622,0,0,11,164,0,285,162,193,14,0,57,0,17,54,51,426,0,0,76,118,57,93,82,461,104,41,103,38,48,85,42,1400000,48453001817
4440,2164,242,45,9,142,35,11,0,0,712,34,0,381,70,0,189,38,473,85,76,105,69,0,84,54,621,66,49,289,49,7,93,68,116,0,46,12,38,7,13,0,2276,281,46,61,0,174,0,0,0,556,36,54,180,0,27,204,55,518,152,0,158,68,0,51,89,552,56,120,70,155,0,128,23,369,0,59,127,44,7,98,34,1400000,48453001818
2833,1582,123,0,18,85,8,0,12,0,409,83,108,136,10,21,41,10,585,181,137,128,22,12,40,65,394,26,89,86,70,55,29,39,71,20,0,17,0,0,10,24,1251,96,0,42,45,9,0,0,0,471,168,71,112,44,19,51,6,309,124,59,28,32,0,16,50,254,19,68,39,39,10,54,25,121,83,0,18,7,0,13,0,1400000,48453001819
5386,3090,507,101,68,107,202,21,8,0,944,62,196,270,161,54,201,0,636,116,131,224,127,19,0,19,827,107,119,249,241,46,48,17,176,57,0,40,10,0,69,0,2296,308,19,68,43,115,0,63,0,696,26,184,154,181,25,95,31,534,108,70,188,57,65,15,31,525,0,97,173,110,15,74,56,233,85,0,23,79,0,36,10,1400000,48453001820
4529,2313,278,0,44,109,68,12,41,4,679,57,84,288,91,0,149,10,544,118,52,144,109,22,91,8,603,122,38,169,58,47,127,42,209,41,21,46,30,7,50,14,2216,145,9,32,30,48,0,26,0,630,49,74,148,157,25,112,65,413,60,20,161,79,28,51,14,753,129,33,203,126,87,113,62,275,28,6,80,90,19,20,32,1400000,48453001821
5219,2986,207,50,53,66,38,0,0,0,1221,385,139,294,157,0,217,29,669,274,21,243,38,67,26,0,774,256,94,49,208,53,97,17,115,0,57,11,0,46,1,0,2233,281,52,91,104,6,8,20,0,681,85,49,202,133,24,116,72,423,68,56,130,26,16,73,54,652,210,41,77,145,0,145,34,196,0,75,71,50,0,0,0,1400000,48453001822
5145,2781,366,71,57,178,45,0,0,15,1134,211,183,449,145,67,60,19,493,134,168,92,78,0,21,0,744,160,13,359,147,30,7,28,44,0,0,0,0,16,17,11,2364,191,0,24,125,18,0,24,0,751,84,137,188,243,23,47,29,545,125,62,173,141,0,24,20,669,172,79,230,83,27,69,9,208,88,12,61,29,18,0,0,1400000,48453001823
1481,737,48,0,0,21,13,0,14,0,193,18,0,37,38,12,48,40,191,32,0,44,35,14,28,38,192,0,0,42,61,30,50,9,113,10,0,26,6,11,39,21,744,37,3,5,6,11,0,12,0,202,0,0,0,54,7,117,24,133,0,0,22,39,16,50,6,231,0,0,28,55,20,94,34,141,0,11,51,18,17,37,7,1400000,48453001824
2126,1090,165,24,0,56,85,0,0,0,340,7,10,25,49,5,201,43,213,0,0,105,2,0,82,24,277,0,0,11,155,23,66,22,95,0,0,27,5,0,58,5,1036,84,0,11,0,67,0,6,0,362,0,0,115,46,0,143,58,181,0,23,75,8,10,27,38,231,0,34,79,32,40,37,9,178,0,0,97,48,9,24,0,1400000,48453001826
3286,1706,71,0,0,10,40,10,11,0,356,0,0,40,92,23,169,32,393,0,7,27,33,24,162,140,655,62,0,87,93,38,258,117,231,0,0,10,54,11,112,44,1580,72,0,0,5,60,0,7,0,332,0,10,14,53,25,114,116,240,0,0,49,15,23,79,74,696,0,10,157,143,28,233,125,240,13,0,93,59,8,32,35,1400000,48453001828
2102,1126,15,0,0,0,9,0,6,0,386,0,0,58,125,41,124,38,423,0,0,57,130,69,106,61,234,21,0,44,45,42,64,18,68,0,0,9,9,0,44,6,976,80,0,0,3,55,0,18,4,398,0,0,28,47,18,272,33,145,0,20,7,8,8,79,23,240,0,0,75,32,7,119,7,113,0,8,36,32,0,8,29,1400000,48453001829
2298,1112,108,0,26,8,39,13,22,0,255,0,0,58,113,37,47,0,230,0,0,54,39,40,97,0,360,9,34,95,79,0,82,61,159,0,18,32,72,7,22,8,1186,88,0,0,19,50,12,7,0,258,0,6,22,91,17,101,21,200,0,17,35,51,0,88,9,380,22,0,70,102,57,90,39,260,0,90,49,46,0,51,24,1400000,48453001832
7080,3845,356,0,38,126,173,0,19,0,1197,116,288,582,72,66,60,13,808,68,162,362,108,13,46,49,1011,223,195,409,33,34,71,46,473,161,0,51,117,38,79,27,3235,321,0,47,48,179,20,27,0,874,113,198,156,247,82,48,30,477,145,15,83,87,0,129,18,750,51,53,220,199,86,107,34,813,148,42,240,150,112,65,56,1400000,48453001833
8132,3753,432,0,66,212,129,15,10,0,1210,0,33,182,336,29,236,394,834,13,0,134,213,34,304,136,974,58,34,215,234,67,209,157,303,30,0,136,14,32,40,51,4379,490,0,68,164,216,9,33,0,1375,0,42,207,289,115,504,218,1050,107,93,114,232,65,327,112,1083,55,42,339,284,107,180,76,381,52,19,107,117,25,29,32,1400000,48453001834
4969,2401,406,5,49,163,120,6,63,0,694,16,38,107,132,77,191,133,549,198,9,43,108,75,99,17,569,53,0,109,161,67,104,75,183,57,18,38,16,0,0,54,2568,193,0,45,50,71,14,13,0,903,78,96,167,152,18,370,22,476,46,64,74,59,37,121,75,800,161,0,156,182,82,158,61,196,37,22,97,29,0,1,10,1400000,48453001835
6613,3275,398,10,14,87,211,0,68,8,989,44,86,134,298,40,277,110,669,18,115,197,124,25,100,90,962,25,79,197,378,71,185,27,257,43,0,0,62,24,33,95,3338,443,17,121,112,109,8,76,0,944,112,0,44,243,55,427,63,746,0,60,153,112,47,261,113,977,28,0,303,390,15,166,75,228,79,58,45,0,0,22,24,1400000,48453001839
8246,3902,361,12,71,122,39,65,52,0,1255,17,64,404,269,58,374,69,933,263,35,239,161,23,147,65,1125,48,44,361,263,147,230,32,228,76,22,75,0,38,17,0,4344,405,12,41,140,66,45,101,0,1153,0,57,333,350,61,329,23,1201,91,226,219,281,157,129,98,1169,125,26,391,215,92,184,136,416,128,54,118,63,0,53,0,1400000,48453001840
12307,6238,1095,0,339,235,405,0,116,0,1316,62,70,271,231,209,373,100,1308,182,101,123,257,150,316,179,1911,288,148,149,266,91,642,327,608,26,88,75,226,22,171,0,6069,203,0,32,36,100,17,18,0,1588,24,116,274,314,11,743,106,1163,144,107,155,212,39,340,166,2417,180,164,474,727,222,385,265,698,22,47,236,112,87,169,25,1400000,48453001841
7770,3729,417,0,100,145,131,0,41,0,772,65,41,395,126,23,110,12,1322,223,197,424,143,103,190,42,995,162,31,150,268,186,114,84,223,19,0,42,19,27,77,39,4041,552,0,75,265,127,0,85,0,892,42,62,238,158,50,200,142,1209,193,132,246,134,145,309,50,1125,39,42,331,144,224,188,157,263,54,0,89,27,30,63,0,1400000,48453001842
2039,1077,102,0,18,46,30,3,5,0,168,0,6,13,20,39,86,4,206,0,38,69,42,0,43,14,401,6,9,59,87,40,144,56,200,0,10,22,49,9,60,50,962,38,0,0,23,5,0,10,0,190,16,0,20,20,42,72,20,179,0,0,43,57,3,68,8,406,40,9,64,95,42,101,55,149,5,9,42,36,5,40,12,1400000,48453001843
2901,1503,183,0,21,62,80,0,20,0,427,25,0,74,64,52,194,18,402,17,6,99,76,47,129,28,312,0,6,85,90,19,85,27,179,17,4,24,0,53,63,18,1398,85,0,2,62,10,0,11,0,565,0,8,61,149,88,234,25,207,8,0,90,32,19,47,11,306,8,17,69,51,28,95,38,235,21,0,88,61,15,31,19,1400000,48453001844
2451,1277,156,0,5,19,32,79,21,0,407,0,0,77,153,28,91,58,233,7,0,0,76,22,108,20,324,0,1,58,77,0,106,82,157,0,0,9,37,19,48,44,1174,104,19,0,3,64,0,18,0,312,0,21,41,68,8,138,36,135,0,8,10,33,0,52,32,426,3,13,50,99,21,144,96,197,0,0,45,66,6,40,40,1400000,48453001845
2026,972,35,0,5,22,0,0,8,0,105,0,0,26,6,16,57,0,177,0,0,39,20,29,62,27,454,0,0,23,96,46,184,105,201,0,9,23,34,11,39,85,1054,19,0,0,11,8,0,0,0,160,0,0,12,17,9,76,46,179,0,0,1,37,17,95,29,499,0,11,77,91,54,188,78,197,0,0,26,39,21,89,22,1400000,48453001846
5639,2678,151,0,0,72,36,0,43,0,890,0,25,138,311,16,286,114,618,0,17,131,167,33,200,70,730,0,0,35,155,92,335,113,289,27,19,0,119,0,16,108,2961,372,0,25,134,135,34,44,0,804,30,48,50,173,0,345,158,536,33,50,106,86,0,219,42,988,134,13,188,152,50,353,98,261,0,37,69,58,23,44,30,1400000,48453001847
4094,2004,173,0,8,121,44,0,0,0,584,0,55,144,119,0,214,52,348,0,47,80,28,27,134,32,672,0,27,126,205,46,136,132,227,0,60,32,31,0,89,15,2090,93,4,0,0,71,13,5,0,571,0,37,87,33,113,118,183,459,15,37,66,139,8,44,150,673,0,17,133,58,30,409,26,294,25,55,18,89,27,61,19,1400000,48453001848
6360,3543,470,0,0,82,206,0,168,14,1947,0,0,296,206,208,956,281,579,0,0,71,99,82,210,117,479,0,0,163,91,22,170,33,68,0,0,0,36,11,21,0,2817,436,0,0,0,100,16,278,42,1407,0,0,116,177,39,874,201,404,53,0,97,20,0,185,49,398,0,8,143,53,43,105,46,172,0,0,13,45,38,76,0,1400000,48453001849
3427,1707,92,0,0,13,55,17,7,0,671,17,0,118,172,101,207,56,422,35,0,110,39,5,91,142,486,0,56,198,116,36,72,8,36,1,0,2,0,0,33,0,1720,226,0,0,85,91,20,30,0,394,0,0,24,207,35,118,10,456,0,0,85,53,42,169,107,385,8,0,89,120,8,62,98,259,1,10,76,40,0,68,64,1400000,48453001850
7617,3445,213,0,21,40,88,0,64,0,982,50,0,31,135,167,522,77,905,16,0,170,252,0,374,93,1134,0,23,238,199,69,544,61,211,0,0,71,64,26,29,21,4172,474,0,41,131,218,0,42,42,952,0,0,177,252,49,308,166,872,0,0,124,205,75,318,150,1295,27,12,271,359,101,335,190,579,53,0,206,155,14,126,25,1400000,48453001851
2637,1251,85,1,12,52,20,0,0,0,368,0,11,65,127,12,104,49,218,0,0,11,38,17,105,47,422,1,19,50,94,20,180,58,158,1,12,30,38,8,50,19,1386,85,0,0,20,41,0,24,0,299,0,0,63,36,29,106,65,267,0,0,42,20,0,179,26,484,0,20,80,134,42,176,32,251,0,8,150,41,7,23,22,1400000,48453001853
4425,2248,140,0,65,9,30,15,21,0,552,39,12,181,159,26,123,12,613,29,11,174,176,48,128,47,690,103,22,242,158,44,68,53,253,1,40,68,105,6,14,19,2177,192,0,17,34,105,0,36,0,644,69,29,97,186,56,171,36,464,27,13,132,85,22,134,51,640,104,32,149,155,45,143,12,237,2,44,10,14,8,159,0,1400000,48453001854
13215,6148,424,0,0,282,32,42,68,0,1156,0,0,273,127,128,455,173,1502,0,0,433,468,59,296,246,2308,9,233,430,720,152,629,135,758,0,29,177,260,67,100,125,7067,623,82,24,176,285,0,56,0,1421,18,0,220,541,55,513,74,1334,0,0,235,311,131,410,247,2922,6,18,1135,596,332,473,362,767,40,53,271,132,136,32,103,1400000,48453001855
5983,3184,161,0,25,103,33,0,0,0,717,0,0,121,180,63,285,68,956,38,264,68,164,102,225,95,1055,15,79,187,295,113,154,212,295,8,10,92,97,9,32,47,2799,155,0,17,69,65,0,0,4,688,26,13,92,265,49,144,99,656,51,32,155,102,20,239,57,1003,8,51,221,201,154,283,85,297,107,22,45,41,0,43,39,1400000,48453001856
4693,2291,242,0,11,72,129,0,30,0,564,17,30,42,296,40,107,32,547,22,0,147,134,71,87,86,726,50,11,123,201,112,149,80,212,0,20,18,33,0,105,36,2402,103,0,0,21,82,0,0,0,705,43,14,152,227,104,114,51,604,0,63,51,121,208,161,0,777,46,72,280,133,42,136,68,213,0,16,16,78,0,43,60,1400000,48453001857
15472,7424,648,0,112,257,194,24,61,0,1447,42,0,256,303,56,550,240,2102,0,94,197,489,497,745,80,2750,0,0,632,771,344,651,352,477,45,0,157,35,39,97,104,8048,508,0,134,100,184,25,65,0,1838,38,0,239,261,257,823,220,2293,0,40,177,847,118,881,230,2718,0,0,397,487,281,1140,413,691,100,0,285,25,130,0,151,1400000,48453001858
1712,836,100,19,5,19,53,0,4,0,196,8,9,43,67,2,54,13,207,0,5,22,63,42,68,7,239,9,16,55,42,22,55,40,94,32,0,22,19,0,16,5,876,51,0,18,12,5,12,4,0,253,9,0,65,63,7,99,10,215,0,0,42,42,13,81,37,262,0,18,84,68,44,28,20,95,0,9,35,23,14,2,12,1400000,48453001859
3060,1461,134,0,0,77,57,0,0,0,268,0,52,71,98,47,0,0,374,125,62,70,32,0,58,27,402,14,27,139,95,23,92,12,283,0,0,78,87,0,75,43,1599,76,0,0,57,19,0,0,0,420,22,52,116,126,52,42,10,329,0,13,122,97,72,13,12,463,56,55,84,105,76,38,49,311,13,33,161,23,35,23,23,1400000,48453001860
3773,1646,216,9,47,83,44,0,21,12,388,0,6,55,80,97,136,14,369,12,37,65,88,16,131,20,569,0,23,162,134,58,133,59,104,0,12,1,42,15,22,12,2127,218,13,19,109,53,8,16,0,618,19,0,158,87,170,160,24,490,97,105,78,89,12,104,5,662,20,9,222,184,22,123,82,139,11,13,47,22,31,15,0,1400000,48453001861
4587,2015,261,0,28,90,112,14,17,0,429,0,37,36,69,46,180,61,341,0,0,99,132,13,76,21,770,26,10,81,299,145,151,58,214,9,10,29,74,17,44,31,2572,295,25,96,52,92,4,26,0,420,6,47,47,56,42,182,40,540,9,77,101,163,52,85,53,1009,27,22,235,191,122,257,155,308,85,21,79,0,26,56,41,1400000,48453001862
2761,1433,148,11,0,18,56,0,63,0,564,16,24,243,114,35,108,24,218,9,30,19,75,16,35,34,395,32,0,140,102,14,100,7,108,0,0,52,37,0,15,4,1328,87,0,0,27,60,0,0,0,611,57,48,175,192,25,114,0,271,17,24,39,78,14,69,30,261,32,0,112,73,32,12,0,98,25,4,37,32,0,0,0,1400000,48453001863
2315,1120,122,0,3,35,62,5,17,0,382,0,0,73,72,26,134,77,298,0,7,88,50,26,54,73,217,0,0,89,39,8,57,24,101,0,6,49,7,0,30,9,1195,109,0,0,21,44,16,28,0,449,0,0,103,137,16,163,30,165,13,0,6,69,9,30,38,298,10,8,41,54,44,95,46,174,26,0,41,57,0,21,29,1400000,48453001864
4634,2464,128,0,26,14,44,0,44,0,804,0,0,0,91,109,519,85,526,31,11,65,88,16,167,148,640,0,30,32,82,29,242,225,366,0,41,0,19,0,100,206,2170,168,0,0,33,10,49,62,14,668,0,0,0,80,69,444,75,545,0,14,0,69,7,275,180,522,21,0,2,70,25,215,189,267,0,10,50,33,22,32,120,1400000,48453001901
7017,3591,208,0,24,29,71,0,84,0,1050,0,112,31,241,26,420,220,517,46,0,60,69,24,253,65,1147,11,26,122,208,72,295,413,669,6,26,70,69,11,209,278,3426,143,0,0,42,58,9,9,25,589,78,0,75,68,16,287,65,737,45,0,54,44,20,424,150,1253,14,46,109,173,19,472,420,704,16,3,152,128,14,256,135,1400000,48453001908
3553,1766,147,0,16,32,99,0,0,0,305,0,0,13,124,27,105,36,342,0,0,63,30,0,140,109,666,0,10,11,73,32,262,278,306,0,16,17,10,0,110,153,1787,97,0,0,40,16,0,41,0,195,0,0,11,0,38,91,55,273,0,0,0,32,0,123,118,740,11,0,37,56,44,426,166,482,8,23,87,40,3,207,114,1400000,48453001910
2740,1206,59,0,0,17,13,0,29,0,539,0,0,0,40,42,282,175,226,0,0,21,18,11,117,59,313,0,0,8,29,38,128,110,69,0,0,0,0,0,31,38,1534,175,0,11,0,58,8,93,5,753,0,0,51,49,8,448,197,212,0,8,0,16,41,82,65,331,0,20,9,82,22,170,28,63,0,0,0,0,0,40,23,1400000,48453001911
3084,1511,99,0,12,36,15,0,36,0,179,0,0,11,55,0,73,40,339,0,0,0,66,5,95,173,583,12,0,7,0,3,222,339,311,0,0,10,10,0,100,191,1573,109,6,11,35,44,0,13,0,150,0,0,27,19,0,86,18,320,0,0,0,28,31,108,153,673,14,11,39,62,35,310,202,321,0,22,27,56,22,74,120,1400000,48453001912
3458,1700,71,0,22,6,43,0,0,0,113,0,0,0,58,9,33,13,351,0,0,0,0,0,200,151,859,0,0,32,0,0,339,488,306,0,6,24,15,0,112,149,1758,89,0,10,24,13,0,26,16,164,0,0,18,38,0,78,30,413,0,0,0,60,23,201,129,854,0,19,32,83,30,354,336,238,0,0,12,71,0,92,63,1400000,48453001913
5007,2331,192,0,17,65,100,0,0,10,449,0,12,50,68,14,252,53,530,0,19,13,83,12,219,184,923,26,0,94,111,32,350,310,237,0,0,15,18,0,90,114,2676,174,0,18,0,94,0,62,0,481,0,0,27,27,0,287,140,427,0,0,18,111,0,135,163,1088,17,0,76,239,58,342,356,506,42,0,77,137,29,102,119,1400000,48453001914
1444,623,72,0,0,32,28,0,12,0,200,20,6,8,72,7,55,32,61,0,0,0,16,4,22,19,122,0,7,64,8,13,5,25,168,7,6,38,26,12,32,47,821,27,0,2,0,3,0,19,3,352,0,0,57,123,0,107,65,108,0,0,0,8,30,55,15,133,0,0,0,68,12,49,4,201,26,12,53,23,6,74,7,1400000,48453001915
2047,1031,79,0,15,31,27,0,6,0,113,0,10,31,12,0,28,32,173,0,0,0,11,7,118,37,566,0,0,0,56,17,229,264,100,0,0,0,9,0,37,54,1016,35,0,9,9,7,0,10,0,95,0,0,0,7,0,55,33,233,0,0,15,35,19,82,82,568,4,0,22,66,35,238,203,85,5,0,10,15,7,24,24,1400000,48453001916
3335,1631,45,0,10,0,25,10,0,0,96,0,0,0,31,0,55,10,361,3,0,6,21,10,224,97,823,0,0,52,30,19,358,364,306,0,0,0,28,0,115,163,1704,62,0,16,6,17,0,23,0,126,0,0,0,48,0,39,39,382,0,0,0,6,0,217,159,868,4,0,29,78,36,353,368,266,6,0,32,111,9,47,61,1400000,48453001917
1979,1056,24,0,5,4,5,0,10,0,43,0,11,0,15,0,10,7,92,0,0,0,21,20,25,26,532,0,1,30,37,22,212,230,365,0,0,17,15,5,115,213,923,37,0,10,5,11,0,11,0,31,0,0,7,0,12,12,0,138,0,0,0,20,0,64,54,361,0,0,13,37,0,157,154,356,0,0,25,76,7,123,125,1400000,48453001918
2703,1285,28,0,12,0,8,0,8,0,196,0,9,45,11,5,92,34,215,0,0,0,0,0,75,140,648,0,0,0,16,11,325,296,198,0,0,3,26,0,57,112,1418,49,0,14,14,12,0,9,0,153,4,0,0,8,6,77,58,274,0,0,25,18,0,123,108,629,0,0,19,92,22,295,201,313,0,3,63,31,0,116,100,1400000,48453001919
2815,1563,43,0,0,7,15,0,21,0,421,16,68,29,70,18,220,0,452,23,13,15,234,11,82,74,471,8,0,124,184,85,40,30,176,2,19,26,17,17,78,17,1252,41,0,6,24,0,0,11,0,229,0,0,26,64,0,123,16,330,0,57,74,19,19,88,73,391,13,21,56,101,5,120,75,261,17,35,102,38,3,56,10,1400000,48453002002
3006,1385,188,0,24,56,66,0,42,0,239,0,38,35,54,7,72,33,363,35,51,61,102,18,88,8,409,30,55,53,146,16,42,67,186,10,0,76,49,14,28,9,1621,269,0,50,22,146,0,40,11,346,0,0,63,57,58,121,47,283,62,24,6,53,43,73,22,559,36,37,108,198,15,90,75,164,23,13,38,68,2,0,20,1400000,48453002003
2346,944,152,0,0,35,83,0,34,0,459,0,7,19,124,15,205,89,156,0,0,0,20,8,93,35,177,20,0,13,42,0,87,15,0,0,0,0,0,0,0,0,1402,181,0,0,38,74,28,41,0,576,0,7,59,20,37,378,75,322,0,0,0,113,0,134,75,219,0,0,69,44,0,28,78,104,0,44,0,22,0,20,18,1400000,48453002004
4331,2208,147,0,0,61,32,0,33,21,900,129,0,64,109,72,448,78,522,60,0,6,87,0,220,149,564,63,0,164,69,58,181,29,75,18,4,29,19,0,0,5,2123,269,0,43,146,41,0,39,0,873,16,117,15,196,86,349,94,397,0,46,0,70,50,116,115,457,81,45,75,24,0,124,108,127,45,3,16,11,35,7,10,1400000,48453002005
2504,1198,43,0,0,8,11,12,12,0,411,101,0,86,23,42,139,20,242,0,0,36,47,28,96,35,438,75,0,82,125,0,73,83,64,0,12,0,11,0,41,0,1306,73,0,0,32,30,0,11,0,327,0,39,86,33,9,91,69,295,0,33,48,72,0,82,60,436,39,0,23,64,30,199,81,175,6,9,25,20,31,40,44,1400000,48453002104
4047,2209,348,28,7,142,107,5,59,0,686,236,0,70,71,85,184,40,505,74,0,216,101,26,69,19,522,33,71,125,134,0,137,22,148,10,15,0,31,11,57,24,1838,193,0,34,30,38,5,86,0,551,0,41,88,78,10,266,68,373,40,13,54,127,0,89,50,482,70,80,207,33,43,49,0,239,64,26,50,48,29,12,10,1400000,48453002105
2328,1088,98,0,0,62,25,0,11,0,258,0,0,80,0,10,151,17,318,71,0,102,24,0,52,69,302,0,44,30,39,47,82,60,112,44,0,12,0,0,17,39,1240,36,0,0,0,30,0,6,0,193,0,22,17,0,22,79,53,281,35,0,55,47,2,105,37,407,0,13,132,67,0,109,86,323,21,28,89,47,26,46,66,1400000,48453002106
3394,1670,273,10,20,131,92,12,8,0,484,0,38,101,189,0,133,23,357,56,19,146,58,0,40,38,349,21,66,102,71,9,59,21,207,9,0,86,89,0,13,10,1724,158,0,0,60,53,0,45,0,550,43,91,108,51,0,129,128,282,7,38,104,17,0,44,72,526,90,41,145,204,0,32,14,208,33,35,74,18,20,17,11,1400000,48453002107
2876,1326,157,0,19,67,71,0,0,0,379,0,34,70,216,0,35,24,334,9,0,160,98,0,37,30,313,33,13,33,101,61,59,13,143,23,16,47,38,0,19,0,1550,124,0,0,39,59,0,19,7,503,37,93,29,125,23,126,70,179,0,9,48,20,10,70,22,505,0,50,192,118,0,91,54,239,27,10,84,40,0,39,39,1400000,48453002108
3481,1525,200,0,20,76,46,0,58,0,429,13,16,95,111,65,101,28,347,63,13,77,84,0,65,45,294,18,32,112,103,9,20,0,255,81,40,18,66,0,29,21,1956,261,0,28,101,59,16,50,7,412,0,0,94,66,16,122,114,382,61,0,115,51,6,87,62,485,75,56,151,93,13,55,42,416,73,27,107,83,14,86,26,1400000,48453002109
3593,1880,201,0,64,36,64,6,31,0,506,0,47,179,105,32,125,18,331,16,33,84,69,41,61,27,599,143,121,226,56,0,53,0,243,126,39,78,0,0,0,0,1713,159,0,29,54,58,0,0,18,412,0,34,25,130,0,171,52,356,37,9,75,133,11,76,15,521,113,118,117,20,53,50,50,265,83,93,65,0,0,24,0,1400000,48453002110
4227,2042,227,0,0,127,82,0,18,0,560,97,22,160,69,26,152,34,334,103,35,70,14,7,64,41,674,186,60,204,146,14,54,10,247,112,22,30,54,8,8,13,2185,287,30,52,135,58,0,12,0,561,21,48,140,131,4,146,71,505,91,76,129,61,8,101,39,556,145,69,113,60,42,89,38,276,104,46,67,17,7,23,12,1400000,48453002111
3577,1714,159,0,50,52,36,0,21,0,506,133,81,74,60,44,102,12,432,41,62,143,61,0,112,13,508,72,113,185,62,17,49,10,109,21,0,22,33,0,27,6,1863,140,7,44,29,60,0,0,0,640,39,89,175,78,32,181,46,464,67,72,31,75,87,93,39,394,41,62,114,71,0,55,51,225,62,23,46,28,8,52,6,1400000,48453002112
2968,1675,121,12,28,50,27,0,4,0,401,15,39,81,73,8,142,43,392,11,40,87,36,8,124,86,565,48,27,125,109,56,132,68,196,0,35,22,36,18,52,33,1293,89,0,37,0,36,0,4,12,274,0,37,34,58,15,92,38,174,9,25,0,29,23,57,31,510,77,48,85,95,62,100,43,246,6,22,27,70,25,52,44,1400000,48453002113
1434,673,89,0,18,38,33,0,0,0,135,22,0,58,29,17,9,0,171,39,21,67,24,0,17,3,208,18,18,85,60,12,0,15,70,0,4,6,39,6,9,6,761,89,0,15,44,30,0,0,0,163,24,12,68,28,5,21,5,117,0,68,39,7,0,0,3,252,37,66,24,85,7,17,16,140,27,13,29,33,18,6,14,1400000,48453002201
5562,2517,486,0,147,260,79,0,0,0,599,161,76,274,48,40,0,0,749,151,267,167,34,95,35,0,475,150,12,68,79,14,79,73,208,21,0,82,60,17,12,16,3045,395,10,119,181,73,0,12,0,900,165,147,231,265,56,36,0,732,99,186,183,132,10,46,76,837,187,13,346,154,18,119,0,181,0,34,59,46,18,24,0,1400000,48453002202
6449,3352,339,0,24,94,206,0,15,0,670,87,82,160,245,27,69,0,1157,82,244,407,342,50,0,32,1030,123,127,559,104,0,76,41,156,47,4,72,16,1,16,0,3097,255,52,53,39,103,0,8,0,767,0,79,338,211,10,96,33,820,71,226,151,224,10,86,52,1023,129,116,267,319,44,98,50,232,34,14,74,81,14,15,0,1400000,48453002207
5751,3411,594,0,220,155,198,18,3,0,1058,84,304,393,117,32,92,36,719,230,154,100,92,41,91,11,887,232,91,341,149,29,27,18,153,42,24,22,55,0,0,10,2340,272,25,81,72,94,0,0,0,624,28,132,140,158,73,26,67,681,176,56,146,91,33,104,75,523,258,37,108,67,10,0,43,240,95,33,43,56,0,13,0,1400000,48453002208
6678,3233,392,20,73,45,250,0,4,0,906,15,122,434,169,54,93,19,647,15,39,273,53,61,184,22,1110,117,119,246,317,135,148,28,178,52,0,38,53,7,28,0,3445,423,0,178,48,185,12,0,0,1020,71,67,302,306,37,174,63,842,23,110,159,161,27,190,172,891,133,51,208,212,127,109,51,269,44,0,127,76,0,22,0,1400000,48453002209
2900,1610,131,0,67,57,7,0,0,0,357,93,15,177,38,18,16,0,448,117,85,202,9,10,25,0,472,26,53,151,123,73,41,5,202,54,10,82,12,14,16,14,1290,54,0,2,19,29,0,4,0,307,59,0,64,109,6,68,1,234,43,39,45,16,72,11,8,533,0,27,206,132,79,39,50,162,3,2,74,35,14,13,21,1400000,48453002210
1998,964,71,21,17,27,6,0,0,0,323,33,82,80,42,0,60,26,228,31,72,24,52,19,30,0,269,44,20,74,40,22,38,31,73,4,5,38,10,10,0,6,1034,145,0,15,49,67,5,9,0,215,26,13,76,16,20,48,16,293,80,21,33,94,0,39,26,310,37,9,47,108,23,45,41,71,50,7,9,0,0,0,5,1400000,48453002211
739,377,92,0,5,49,38,0,0,0,55,0,0,13,27,15,0,0,121,5,27,12,9,23,33,12,97,20,0,16,35,21,0,5,12,0,7,0,5,0,0,0,362,67,0,13,0,54,0,0,0,83,0,18,0,38,17,10,0,88,5,0,31,12,17,23,0,111,22,0,13,27,41,0,8,13,4,0,9,0,0,0,0,1400000,48453002212
3248,2037,314,48,31,11,76,4,123,21,895,52,9,59,104,9,519,143,479,154,0,116,22,9,60,118,324,42,70,60,31,20,67,34,25,16,0,0,0,0,0,9,1211,204,14,22,18,36,0,94,20,604,21,33,88,22,6,248,186,249,63,0,9,39,31,52,55,113,0,10,20,9,63,5,6,41,0,0,11,17,13,0,0,1400000,48453002304
4891,2793,471,58,59,43,223,24,53,11,912,79,55,223,182,42,220,111,480,22,0,67,127,14,193,57,726,179,0,136,118,59,195,39,204,0,0,61,67,19,19,38,2098,247,27,21,29,121,40,9,0,717,144,99,35,146,61,209,23,450,51,0,81,202,0,40,76,484,61,119,54,134,95,21,0,200,73,16,35,20,3,53,0,1400000,48453002307
5795,3086,740,0,18,181,445,8,88,0,1252,28,96,252,145,48,555,128,395,0,16,42,186,0,47,104,486,22,0,114,132,51,147,20,213,35,18,43,29,11,14,63,2709,834,0,28,113,657,8,28,0,950,23,19,102,209,0,394,203,404,74,16,89,9,52,103,61,315,31,17,15,162,0,34,56,206,14,60,12,53,19,28,20,1400000,48453002308
1956,1036,118,32,5,66,8,0,7,0,240,56,22,41,85,7,29,0,261,68,18,111,52,0,12,0,357,92,75,72,73,32,13,0,60,16,13,3,13,15,0,0,920,180,20,27,69,57,7,0,0,239,23,59,84,57,11,5,0,205,66,30,109,0,0,0,0,205,42,31,55,24,7,46,0,91,13,13,43,0,8,0,14,1400000,48453002310
5870,2989,423,36,42,88,189,0,68,0,1013,145,174,381,184,0,113,16,657,132,95,127,144,100,59,0,592,93,170,153,64,18,61,33,304,119,117,58,0,0,0,10,2881,402,0,64,186,134,18,0,0,691,57,115,271,0,90,141,17,626,72,93,116,178,26,32,109,853,224,136,220,107,41,90,35,309,193,50,55,10,0,1,0,1400000,48453002312
3335,1744,263,8,36,79,85,27,28,0,692,35,16,140,264,10,193,34,275,0,12,78,41,47,93,4,443,56,38,101,169,16,24,39,71,0,0,0,16,0,22,33,1591,259,9,15,89,113,0,30,3,659,40,68,219,70,16,207,39,219,57,14,49,47,0,24,28,384,103,21,100,103,0,47,10,70,0,7,16,12,18,17,0,1400000,48453002313
4262,2347,572,41,153,104,180,29,65,0,876,43,215,272,164,11,131,40,389,0,29,58,68,25,149,60,433,42,104,128,103,0,16,40,77,0,0,0,0,65,12,0,1915,461,0,31,89,258,0,67,16,812,69,86,193,161,13,234,56,215,0,44,49,87,20,15,0,370,31,21,189,31,0,72,26,57,44,0,0,0,0,13,0,1400000,48453002314
2618,1606,246,39,0,76,112,12,7,0,612,47,0,125,138,9,189,104,312,72,18,97,38,22,47,18,367,197,21,59,25,17,36,12,69,39,0,8,0,0,0,22,1012,156,6,10,25,97,0,9,9,425,47,0,60,69,33,176,40,177,66,66,0,24,14,7,0,206,90,17,18,45,8,16,12,48,0,0,0,11,0,21,16,1400000,48453002315
3872,2317,350,31,11,117,123,0,68,0,1167,214,68,249,255,64,226,91,379,109,48,46,79,0,48,49,409,176,0,171,7,27,28,0,12,0,12,0,0,0,0,0,1555,290,39,0,113,99,23,12,4,775,38,104,46,77,191,300,19,205,31,37,18,47,21,51,0,224,65,60,62,18,0,19,0,61,25,26,10,0,0,0,0,1400000,48453002316
5482,2688,1507,18,0,193,1016,50,152,78,857,18,0,159,300,41,188,151,106,0,0,34,0,12,15,45,173,29,46,0,98,0,0,0,45,28,0,0,17,0,0,0,2794,2082,51,49,360,1250,103,269,0,462,25,0,34,12,80,173,138,94,28,17,33,0,0,16,0,98,58,0,32,8,0,0,0,58,24,0,19,0,0,15,0,1400000,48453002317
7359,4444,1955,0,232,172,1176,151,186,38,1401,0,24,321,316,72,585,83,364,0,0,54,106,157,47,0,687,0,127,301,102,43,28,86,37,37,0,0,0,0,0,0,2915,1100,0,0,238,701,66,95,0,840,0,71,181,193,98,136,161,233,0,0,150,0,36,47,0,530,253,0,128,55,0,0,94,212,31,57,33,35,32,24,0,1400000,48453002318
2142,1776,481,5,325,95,48,0,8,0,512,67,165,180,81,0,15,4,379,35,105,163,54,0,22,0,404,68,82,192,37,0,25,0,0,0,0,0,0,0,0,0,366,116,9,65,17,25,0,0,0,80,4,0,27,49,0,0,0,95,16,14,48,17,0,0,0,71,0,7,49,0,0,15,0,4,0,0,0,4,0,0,0,1400000,48453002319
7336,3692,340,0,57,95,101,30,57,0,1394,57,126,116,417,59,390,229,672,0,54,179,120,0,167,152,936,144,17,257,222,16,222,58,350,74,15,47,117,26,29,42,3644,669,0,0,38,415,77,139,0,1481,0,95,291,359,57,608,71,610,26,74,131,70,13,177,119,564,34,14,164,135,55,70,92,320,63,48,67,99,13,16,14,1400000,48453002402
2244,1189,137,0,0,0,97,0,40,0,356,0,0,62,97,39,144,14,239,0,55,37,29,0,90,28,354,66,18,93,98,7,65,7,103,0,8,49,11,18,17,0,1055,53,0,4,49,0,0,0,0,282,0,6,48,83,10,99,36,262,0,0,89,39,0,113,21,293,48,9,80,82,7,44,23,165,24,37,51,29,10,5,9,1400000,48453002403
4770,2337,228,0,0,124,87,0,17,0,421,0,0,64,65,3,268,21,531,14,0,182,76,0,250,9,794,27,40,308,108,80,141,90,363,0,3,19,63,58,106,114,2433,185,0,0,74,45,19,47,0,618,30,39,122,199,7,172,49,328,9,0,19,154,14,116,16,825,86,72,275,229,9,100,54,477,65,3,65,131,18,69,126,1400000,48453002407
2925,1589,94,0,30,29,35,0,0,0,462,40,24,131,50,81,105,31,421,19,37,151,72,13,98,31,471,43,44,126,101,31,77,49,141,23,6,35,44,10,14,9,1336,113,0,0,59,8,11,35,0,327,0,7,62,64,7,135,52,325,43,11,40,72,19,84,56,428,22,32,163,90,32,72,17,143,12,26,65,18,0,7,15,1400000,48453002409
3484,1938,172,2,40,44,71,0,15,0,659,29,97,16,155,102,194,66,364,0,0,161,90,36,60,17,514,70,54,100,85,74,108,23,229,56,12,21,102,21,17,0,1546,73,0,0,30,19,0,24,0,565,8,39,207,59,79,121,52,199,38,50,8,31,0,56,16,479,59,57,127,105,21,72,38,230,21,25,107,33,25,19,0,1400000,48453002410
4762,2384,445,41,54,250,83,0,17,0,553,174,127,152,44,9,27,20,462,116,29,177,100,35,5,0,783,307,104,211,92,22,47,0,141,21,5,32,11,37,23,12,2378,507,0,178,99,150,38,42,0,310,31,49,96,42,39,37,16,515,107,37,157,156,6,42,10,801,209,85,176,201,87,43,0,245,22,29,94,37,12,0,51,1400000,48453002411
4458,2222,252,0,51,117,74,10,0,0,557,57,33,335,100,14,18,0,442,132,108,106,34,8,17,37,771,346,78,203,64,62,18,0,200,88,0,51,9,13,14,25,2236,388,0,33,184,171,0,0,0,500,59,24,175,129,43,62,8,449,53,143,162,44,12,31,4,689,263,111,192,98,25,0,0,210,82,60,61,0,0,0,7,1400000,48453002412
3096,1507,126,32,11,26,51,0,6,0,569,55,25,322,50,60,57,0,339,40,30,245,11,0,1,12,370,155,21,114,29,5,36,10,103,30,0,24,0,8,29,12,1589,204,0,10,128,44,11,11,0,525,54,109,164,121,28,49,0,399,49,36,98,173,7,36,0,372,155,48,57,53,25,25,9,89,26,14,12,30,0,7,0,1400000,48453002413
3440,1636,313,0,62,137,73,14,27,0,790,48,42,234,217,39,186,24,195,55,0,29,45,25,33,8,262,56,0,135,28,9,34,0,76,15,0,17,0,0,23,21,1804,423,14,75,69,136,43,86,0,613,57,59,163,179,40,98,17,341,61,76,68,64,0,53,19,372,46,0,158,104,0,64,0,55,0,2,20,33,0,0,0,1400000,48453002419
8307,3808,435,13,0,98,273,31,20,0,1684,53,231,311,348,145,421,175,563,0,52,91,245,30,94,51,786,37,17,131,205,68,272,56,340,18,0,101,53,14,97,57,4499,552,0,15,193,101,44,199,0,1767,43,0,248,405,172,606,293,671,0,21,140,48,18,278,166,1074,16,32,304,126,126,301,169,435,63,58,101,76,16,16,105,1400000,48453002421
4932,2444,273,0,0,144,129,0,0,0,579,86,0,179,15,74,225,0,577,53,0,161,117,0,199,47,762,62,24,226,166,43,186,55,253,0,0,117,88,0,48,0,2488,220,0,28,133,13,0,46,0,697,0,96,46,217,77,233,28,467,0,0,109,47,79,98,134,825,26,32,339,172,77,92,87,279,7,82,75,96,0,0,19,1400000,48453002422
4739,2344,99,0,12,0,15,52,20,0,968,0,0,379,191,38,232,128,404,95,0,6,157,15,100,31,658,89,59,73,149,74,111,103,215,0,0,29,106,0,27,53,2395,255,0,0,20,187,0,48,0,564,0,0,138,129,33,213,51,691,0,0,185,207,9,223,67,663,24,19,168,173,14,172,93,222,0,13,60,80,0,39,30,1400000,48453002423
3221,1847,113,17,7,48,31,10,0,0,606,95,21,152,126,0,112,100,218,17,58,18,36,26,9,54,685,18,119,142,208,43,104,51,225,0,22,76,47,28,29,23,1374,217,0,70,43,57,11,36,0,301,80,18,12,80,0,59,52,329,18,52,48,76,40,51,44,324,18,76,21,62,24,82,41,203,8,34,73,63,9,8,8,1400000,48453002424
2680,1247,92,0,27,13,52,0,0,0,403,0,0,135,131,42,95,0,361,0,14,84,34,84,92,53,307,8,18,41,58,25,66,91,84,0,11,38,0,0,22,13,1433,160,0,41,30,62,27,0,0,500,0,19,74,181,85,102,39,278,23,0,65,50,41,81,18,365,28,8,75,127,0,68,59,130,22,0,64,16,0,18,10,1400000,48453002425
7722,3688,503,42,100,170,191,0,0,0,874,21,60,124,318,147,204,0,985,39,86,244,226,32,321,37,1133,46,106,503,204,100,139,35,193,36,81,76,0,0,0,0,4034,496,0,36,313,105,7,35,0,987,105,40,285,244,40,200,73,1168,48,65,366,287,0,327,75,1171,260,18,381,322,0,55,135,212,67,16,129,0,0,0,0,1400000,48453002426
6077,3129,618,0,80,362,152,0,24,0,731,81,0,313,168,169,0,0,741,76,186,166,207,17,34,55,804,370,201,68,63,19,83,0,235,113,40,63,19,0,0,0,2948,328,0,100,76,116,12,13,11,1067,79,64,406,203,72,207,36,569,70,128,72,92,0,116,91,746,119,225,175,103,31,63,30,238,77,35,65,61,0,0,0,1400000,48453002427
5875,3118,567,0,80,135,205,0,147,0,836,0,16,108,347,52,275,38,466,50,0,78,177,52,109,0,677,18,47,116,107,11,333,45,572,33,0,61,97,42,239,100,2757,358,0,50,177,117,0,0,14,507,0,0,61,106,29,129,182,314,145,0,36,60,0,73,0,947,44,0,312,245,38,95,213,631,27,13,146,178,0,155,112,1400000,48453002428
1004,585,46,0,0,29,0,0,17,0,276,35,35,14,68,47,48,29,144,0,32,0,43,27,31,11,111,0,39,10,12,36,14,0,8,0,0,6,2,0,0,0,419,90,0,0,7,69,0,4,10,176,0,0,14,45,49,49,19,91,0,0,0,41,0,44,6,41,0,0,14,0,0,27,0,21,3,0,1,5,0,0,12,1400000,48453002429
2167,1123,215,20,76,90,20,9,0,0,178,0,51,40,19,0,68,0,288,31,36,111,52,7,51,0,362,36,0,114,146,12,29,25,80,0,0,59,21,0,0,0,1044,130,0,14,95,13,0,8,0,171,0,48,31,35,6,51,0,299,133,40,64,36,6,20,0,372,52,21,117,102,10,57,13,72,24,0,19,21,0,8,0,1400000,48453002430
5899,3326,339,46,70,80,88,55,0,0,889,51,15,221,133,14,417,38,749,184,12,191,98,0,234,30,1224,324,217,340,64,95,117,67,125,72,0,0,0,22,31,0,2573,333,17,19,163,105,0,29,0,724,21,27,229,150,14,218,65,666,132,65,208,134,0,77,50,633,142,116,88,209,21,57,0,217,88,0,26,53,0,40,10,1400000,48453002431
2011,1047,134,0,16,89,14,6,9,0,286,16,49,95,74,38,14,0,201,84,33,38,0,0,46,0,262,91,31,35,38,28,39,0,164,91,9,2,22,0,21,19,964,116,0,33,40,34,0,9,0,273,4,11,132,43,11,52,20,106,24,0,55,7,0,20,0,318,18,64,183,30,12,5,6,151,64,5,45,16,6,10,5,1400000,48453002432
5269,2540,377,0,139,117,100,0,21,0,503,0,92,227,62,79,43,0,763,113,151,129,256,55,20,39,696,114,76,146,209,87,40,24,201,8,0,83,35,0,31,44,2729,408,6,78,59,193,0,43,29,606,22,71,197,152,37,41,86,617,140,77,116,159,37,82,6,851,142,176,129,239,16,100,49,247,77,40,51,48,4,27,0,1400000,48453002433
1252,635,79,0,12,29,38,0,0,0,143,27,38,60,14,2,2,0,84,14,12,41,11,0,6,0,277,53,32,113,33,16,16,14,52,7,9,15,8,0,0,13,617,77,0,16,49,12,0,0,0,126,16,31,31,36,3,9,0,115,7,0,57,40,0,11,0,257,33,35,74,56,17,37,5,42,11,6,13,2,0,9,1,1400000,48453002434
6031,3285,530,0,41,121,236,0,132,0,642,42,0,135,208,71,186,0,644,148,21,256,107,27,85,0,1256,231,114,672,175,0,46,18,213,11,33,60,53,18,37,1,2746,214,0,67,119,28,0,0,0,579,0,148,32,166,67,98,68,886,262,90,236,170,36,82,10,865,226,129,294,124,15,77,0,202,58,0,92,25,0,5,22,1400000,48453002435
2124,1107,85,0,31,34,20,0,0,0,131,10,3,68,27,0,18,5,253,76,32,127,15,0,0,3,449,93,95,169,46,18,28,0,189,93,0,38,32,14,4,8,1017,101,0,11,47,20,14,9,0,128,0,69,21,23,15,0,0,204,40,29,68,60,0,7,0,419,117,97,115,59,0,17,14,165,59,38,38,20,1,0,9,1400000,48453002436
4555,2167,25,0,0,15,0,0,10,0,530,0,0,49,100,0,233,148,461,0,16,61,23,98,148,115,809,0,0,20,157,142,234,256,342,0,0,0,28,16,136,162,2388,127,0,0,14,18,0,74,21,646,0,0,24,64,11,307,240,324,0,0,16,34,17,85,172,759,0,0,115,226,73,148,197,532,37,15,32,173,0,118,157,1400000,48453002500
0,0,0,0,0,0,0,0,0,0,0,0,0,0,0,0,0,0,0,0,0,0,0,0,0,0,0,0,0,0,0,0,0,0,0,0,0,0,0,0,0,0,0,0,0,0,0,0,0,0,0,0,0,0,0,0,0,0,0,0,0,0,0,0,0,0,0,0,0,0,0,0,0,0,0,0,0,0,0,0,0,0,0,1400000,48453980000
